ID,user_id,item_id
169,169,"39186,43747,55579,32894,40015,12667,46887,7193,46333,53447"
530,530,"43747,9567,55579,32894,40015,12667,46887,7193,46333,53447"
596,596,"43747,9567,55579,32894,40015,12667,46887,7193,46333,53447"
622,622,"22199,43747,55579,32894,40015,12667,46887,7193,46333,53447"
1047,1047,"43747,9567,55579,32894,40015,12667,46887,7193,46333,53447"
1275,1275,"43747,9567,55579,32894,40015,12667,46887,7193,46333,53447"
2399,2399,"43747,9567,55579,32894,40015,12667,46887,7193,46333,53447"
2912,2912,"43747,9567,55579,32894,40015,12667,46887,7193,46333,53447"
4269,4269,"43747,9567,55579,32894,40015,12667,46887,7193,46333,53447"
4313,4313,"43747,9567,55579,32894,40015,12667,46887,7193,46333,53447"
4433,4433,"43747,9567,55579,32894,40015,12667,46887,7193,27572,46333"
5125,5125,"43747,46548,55579,32894,40015,12667,46887,7193,46333,53447"
5520,5520,"43747,9567,55579,32894,40015,12667,46887,7193,46333,53447"
5728,5728,"43747,9567,55579,32894,40015,12667,46887,7193,46333,53447"
5744,5744,"43747,9567,55579,32894,40015,12667,46887,33777,7193,46333"
6675,6675,"43747,9567,55579,32894,40015,12667,46887,7193,46333,53447"
6828,6828,"43747,9567,55579,32894,40015,12667,46887,7193,46333,53447"
7015,7015,"39186,46548,28707,55579,32894,40015,12667,46887,7193,46333"
7113,7113,"54804,43747,55579,32894,40015,12667,46887,7193,46333,53447"
7886,7886,"43747,9567,55579,32894,40015,12667,46887,7193,46333,53447"
7959,7959,"40894,43747,55579,32894,40015,12667,46887,7193,46333,53447"
8196,8196,"62593,46548,55579,32894,40015,12667,46887,7193,46333,53447"
10816,10816,"43747,9567,55579,32894,40015,12667,46887,7193,46333,53447"
10875,10875,"43747,9567,55579,32894,40015,12667,46887,7193,46333,53447"
11204,11204,"12362,43747,55579,32894,40015,12667,46887,7193,46333,53447"
11340,11340,"4466,43747,55579,32894,40015,12667,46887,7193,46333,53447"
11442,11442,"43747,9567,55579,32894,40015,12667,46887,7193,46333,53447"
12464,12464,"43747,9567,55579,32894,40015,12667,46887,7193,46333,53447"
12495,12495,"3341,43747,55579,32894,40015,12667,46887,7193,15656,46333"
12616,12616,"43747,9567,55579,32894,40015,12667,46887,7193,46333,53447"
12757,12757,"43747,9567,55579,32894,40015,12667,46887,7193,46333,53447"
12882,12882,"21817,43747,55579,32894,40015,12667,46887,7193,46333,53447"
12941,12941,"43747,9567,55579,32894,40015,12667,46887,7193,46333,53447"
13158,13158,"43747,9567,55579,32894,40015,12667,46887,7193,46333,53447"
13169,13169,"55579,43747,9567,32894,40015,12667,46887,7193,46333,53447"
13248,13248,"43747,9567,55579,32894,40015,12667,46887,7193,46333,53447"
13406,13406,"43747,9567,55579,32894,40015,12667,46887,7193,46333,53447"
13765,13765,"12362,43747,55579,32894,40015,12667,46887,7193,46333,53447"
13816,13816,"43747,9567,55579,32894,40015,12667,46887,7193,46333,53447"
14599,14599,"23920,43747,55579,32894,40015,12667,46887,7193,46333,53447"
14793,14793,"45005,43747,55579,32894,40015,12667,46887,7193,46333,53447"
15193,15193,"43747,9567,55579,32894,40015,12667,46887,7193,46333,53447"
15259,15259,"43747,9567,55579,32894,40015,12667,46887,7193,46333,53447"
15595,15595,"43747,9567,55579,32894,40015,12667,46887,7193,46333,53447"
15866,15866,"43747,9567,55579,32894,40015,12667,46887,7193,46333,53447"
16484,16484,"12362,43747,55579,32894,40015,12667,46887,7193,46333,53447"
16707,16707,"34948,43747,55579,32894,40015,12667,46887,7193,46333,53447"
16918,16918,"43747,9567,55579,32894,40015,12667,46887,7193,46333,53447"
17682,17682,"55579,43747,9567,32894,40015,12667,46887,7193,46333,53447"
18615,18615,"43747,9567,55579,32894,40015,12667,46887,7193,46333,53447"
18644,18644,"43747,9567,55579,32894,40015,12667,46887,7193,46333,53447"
18718,18718,"43747,9567,55579,32894,40015,12667,46887,7193,46333,53447"
19391,19391,"43747,9567,55579,32894,40015,12667,46887,7193,46333,53447"
20183,20183,"62593,43747,55579,32894,40015,12667,46887,7193,46333,53447"
20244,20244,"43747,9567,55579,32894,40015,12667,46887,7193,46333,53447"
20267,20267,"56913,13067,55579,32894,40015,12667,46887,7193,46333,53447"
20747,20747,"43747,9567,55579,32894,40015,12667,46887,7193,46333,53447"
20879,20879,"34948,43747,55579,32894,40015,12667,46887,7193,46333,53447"
21424,21424,"43747,9567,55579,32894,40015,12667,46887,7193,46333,53447"
22241,22241,"29912,43747,55579,32894,40015,12667,46887,7193,46333,53447"
22450,22450,"43747,9567,55579,32894,40015,12667,46887,7193,46333,53447"
22960,22960,"26337,43747,55579,32894,40015,12667,46887,7193,46333,53447"
23855,23855,"43747,9567,55579,32894,40015,12667,46887,7193,46333,53447"
24060,24060,"41811,43747,55579,32894,40015,12667,46887,7193,46333,53447"
24166,24166,"43747,9567,55579,32894,40015,12667,46887,7193,46333,53447"
24203,24203,"43747,9567,55579,32894,40015,12667,46887,7193,46333,53447"
25297,25297,"43747,9567,55579,32894,40015,12667,46887,50888,7193,46333"
25430,25430,"46548,43747,55579,32894,40015,12667,46887,7193,33777,46333"
25473,25473,"43747,9567,55579,32894,40015,12667,46887,7193,46333,53447"
25481,25481,"43747,9567,55579,32894,40015,12667,46887,7193,46333,53447"
26076,26076,"43747,9567,55579,32894,40015,12667,46887,7193,46333,53447"
26618,26618,"43747,9567,55579,32894,40015,12667,46887,7193,46333,53447"
27497,27497,"43747,9567,55579,32894,40015,12667,46887,7193,46333,53447"
27523,27523,"43747,9567,55579,32894,40015,12667,46887,7193,46333,53447"
27792,27792,"29241,27782,55579,32894,40015,12667,46887,54794,7193,46333"
27818,27818,"55579,62593,40015,43747,32894,12667,46887,7193,46333,53447"
28339,28339,"43747,9567,55579,32894,40015,12667,46887,7193,46333,53447"
28361,28361,"43747,9567,55579,32894,40015,12667,46887,7193,46333,53447"
29324,29324,"43747,9567,55579,32894,40015,12667,46887,7193,46333,53447"
29488,29488,"43747,9567,55579,32894,40015,12667,46887,7193,46333,53447"
29703,29703,"43747,9567,55579,32894,40015,12667,46887,7193,46333,53447"
29836,29836,"12362,43747,55579,32894,40015,12667,46887,7193,46333,53447"
30171,30171,"42303,43747,55579,32894,40015,12667,46887,7193,46333,53447"
30192,30192,"43747,9567,55579,32894,40015,12667,46887,7193,46333,53447"
30194,30194,"43747,9567,55579,32894,40015,12667,46887,7193,46333,53447"
30227,30227,"41811,43747,55579,32894,40015,12667,46887,7193,46333,53447"
30649,30649,"41811,12362,55579,32894,40015,12667,46887,7193,46333,53447"
30946,30946,"43747,9567,55579,32894,40015,12667,46887,7193,46333,53447"
31904,31904,"50734,43747,9567,55579,32894,40015,12667,46887,7193,32577"
32207,32207,"43747,9567,55579,32894,40015,12667,46887,7193,46333,53447"
32298,32298,"43747,9567,55579,32894,40015,12667,46887,7193,46333,53447"
32814,32814,"43747,9567,55579,32894,40015,12667,46887,7193,46333,53447"
32876,32876,"42442,43747,55579,32894,40015,12667,46887,7193,46333,53447"
33092,33092,"46548,43747,55579,32894,40015,12667,46887,7193,46333,53447"
33481,33481,"12362,43747,55579,32894,40015,12667,46887,7193,46333,53447"
33585,33585,"43747,9567,55579,32894,40015,12667,46887,7193,46333,53447"
33684,33684,"43747,9567,55579,32894,40015,12667,46887,7193,46333,53447"
33871,33871,"43747,46548,55579,32894,40015,12667,46887,7193,46333,53447"
34684,34684,"46548,43747,55579,32894,40015,12667,46887,7193,46333,53447"
34691,34691,"43747,9567,55579,32894,40015,12667,46887,7193,46333,53447"
35126,35126,"43747,9567,55579,32894,40015,12667,46887,7193,46333,53447"
35197,35197,"12362,43747,55579,32894,40015,12667,46887,7193,46333,53447"
35578,35578,"32475,43747,55579,32894,40015,12667,46887,7193,46333,53447"
36314,36314,"43747,9567,55579,32894,40015,12667,46887,7193,46333,53447"
36783,36783,"43747,9567,55579,32894,40015,12667,46887,7193,46333,53447"
36794,36794,"55579,43747,9567,32894,40015,12667,46887,7193,46333,54794"
37959,37959,"41811,43747,55579,32894,40015,12667,46887,7193,46333,53447"
38579,38579,"43747,9567,55579,32894,40015,12667,46887,7193,46333,53447"
38796,38796,"43747,9567,55579,32894,40015,12667,46887,7193,46333,53447"
38887,38887,"43747,9567,55579,32894,40015,12667,46887,7193,46333,53447"
38973,38973,"43747,9567,55579,32894,40015,12667,46887,7193,46333,53447"
39020,39020,"43747,9567,55579,32894,40015,12667,46887,7193,46333,53447"
39239,39239,"43747,9567,55579,32894,40015,12667,46887,7193,46333,53447"
40282,40282,"42442,43747,55579,32894,40015,12667,46887,7193,46333,53447"
40845,40845,"41811,43747,55579,32894,40015,12667,46887,7193,46333,53447"
41667,41667,"43747,9567,55579,32894,40015,12667,46887,7193,46333,53447"
42019,42019,"43747,9567,55579,32894,40015,12667,41985,46887,7193,46333"
42214,42214,"43747,9567,55579,32894,40015,12667,46887,7193,46333,53447"
43483,43483,"9739,43747,55579,32894,40015,12667,46887,7193,46333,53447"
43789,43789,"59806,43747,9567,55579,32894,40015,12667,46887,7193,46333"
43867,43867,"43747,9567,55579,32894,40015,12667,46887,7193,46333,53447"
43937,43937,"43747,9567,55579,32894,40015,12667,46887,7193,46333,53447"
44053,44053,"43747,9567,55579,32894,40015,12667,46887,7193,46333,53447"
44440,44440,"43747,9567,55579,32894,40015,12667,46887,7193,46333,53447"
44441,44441,"43747,9567,55579,32894,40015,12667,46887,7193,46333,53447"
45424,45424,"43747,9567,55579,32894,40015,12667,46887,7193,46333,53447"
45576,45576,"43747,9567,55579,32894,40015,12667,46887,7193,46333,53447"
45834,45834,"12362,43747,55579,32894,40015,12667,46887,7193,46333,53447"
46585,46585,"43747,9567,55579,32894,40015,12667,46887,7193,46333,53447"
46609,46609,"43747,9567,55579,32894,40015,12667,46887,7193,46333,53447"
46965,46965,"43747,9567,55579,32894,40015,12667,46887,7193,46333,53447"
47013,47013,"40015,43747,34948,55579,32894,12667,46887,7193,46333,53447"
47189,47189,"54643,21899,55579,32894,40015,12667,46887,7193,13943,64244"
47361,47361,"43747,9567,55579,32894,40015,12667,46887,7193,46333,53447"
47441,47441,"43747,9567,55579,32894,40015,12667,46887,7193,46333,53447"
48360,48360,"43747,9567,55579,32894,40015,12667,46887,7193,46333,53447"
48519,48519,"25842,43747,55579,32894,40015,12667,46887,7193,35215,46333"
48705,48705,"43747,9567,55579,32894,40015,12667,46887,7193,46333,53447"
48870,48870,"43747,9567,55579,32894,40015,12667,46887,7193,39563,46333"
49357,49357,"41811,16575,55579,32894,40015,12667,46887,7193,46333,53447"
50032,50032,"43747,9567,55579,32894,40015,12667,46887,7193,44215,46333"
50523,50523,"43747,9567,55579,32894,40015,12667,46887,7193,46333,53447"
50812,50812,"62593,43747,55579,32894,40015,12667,46887,7193,46333,53447"
51095,51095,"43747,9567,55579,32894,40015,12667,46887,7193,46333,53447"
51121,51121,"40015,43747,9739,55579,32894,12667,46887,7193,46333,53447"
51216,51216,"43747,9567,55579,32894,40015,12667,46887,7193,46333,53447"
52111,52111,"43747,9567,55579,32894,40015,12667,46887,7193,46333,53447"
52790,52790,"43747,9567,55579,32894,40015,12667,46887,7193,46333,53447"
53114,53114,"12362,43747,55579,32894,40015,12667,46887,7193,46333,53447"
53617,53617,"43747,9567,55579,32894,40015,12667,46887,7193,46333,53447"
53903,53903,"62593,43747,55579,32894,40015,12667,46887,7193,46333,53447"
53937,53937,"53420,43747,55579,32894,40015,12667,46887,7193,46333,53447"
54306,54306,"40015,43747,9567,55579,32894,12667,46887,7193,46333,53447"
55378,55378,"43747,9567,55579,32894,40015,12667,46887,18658,7193,46333"
55871,55871,"43747,42303,55579,32894,40015,12667,46887,7193,46333,53447"
55890,55890,"43747,9567,55579,32894,40015,12667,46887,7193,46333,53447"
56080,56080,"43747,9567,55579,32894,40015,12667,46887,7193,46333,53447"
56175,56175,"43747,9567,55579,32894,40015,12667,46887,7193,46333,53447"
56194,56194,"43747,9567,55579,32894,40015,12667,46887,7193,46333,53447"
56930,56930,"64319,43747,55579,32894,40015,12667,46887,7193,46333,53447"
57702,57702,"43747,9567,55579,32894,40015,12667,46887,7193,33777,46333"
57774,57774,"43747,9567,55579,32894,40015,12667,46887,7193,53447,46333"
57807,57807,"43747,9567,55579,32894,40015,12667,46887,7193,46333,53447"
58315,58315,"43747,9567,55579,32894,40015,12667,46887,7193,46333,53447"
58832,58832,"12362,43747,55579,32894,40015,12667,46887,7193,46333,53447"
59053,59053,"43747,9567,55579,32894,40015,12667,46887,7193,46333,53447"
59055,59055,"43747,9567,55579,32894,40015,12667,46887,7193,46333,53447"
59299,59299,"43747,35447,55579,32894,40015,12667,46887,7193,46333,53447"
59570,59570,"9139,7170,40015,55579,32894,12667,46887,7193,58943,46333"
59689,59689,"41811,12362,55579,32894,40015,12667,46887,7193,46333,53447"
59906,59906,"43747,9567,55579,32894,40015,12667,46887,7193,44215,5937"
60819,60819,"42442,43747,55579,32894,40015,12667,46887,7193,46333,53447"
61061,61061,"43747,9567,55579,32894,40015,12667,46887,7193,46333,53447"
62537,62537,"43747,9567,55579,32894,40015,12667,46887,7193,46333,53447"
62583,62583,"479,43747,55579,32894,15582,40015,12667,46887,7193,46333"
62743,62743,"58703,43747,55579,32894,40015,12667,46887,7193,46333,53447"
63288,63288,"40707,43747,55579,32894,40015,12667,46887,7193,46333,53447"
63452,63452,"43747,9567,55579,32894,40015,12667,46887,7193,46333,53447"
63647,63647,"43747,9567,55579,32894,40015,12667,46887,7193,46333,53447"
63810,63810,"43747,9567,55579,32894,40015,12667,46887,7193,46333,53447"
63881,63881,"43747,9567,55579,32894,40015,12667,46887,7193,46333,53447"
64107,64107,"43747,9567,55579,32894,40015,12667,46887,7193,46333,53447"
64272,64272,"52445,43747,55579,32894,40015,34539,12667,46887,7193,46333"
64839,64839,"43747,9567,55579,32894,40015,12667,46887,7193,46333,53447"
64962,64962,"43747,9567,55579,32894,40015,12667,46887,7193,46333,53447"
65272,65272,"43747,9567,55579,32894,40015,12667,46887,7193,46333,53447"
65350,65350,"43747,9567,55579,32894,40015,12667,46887,7193,46333,53447"
65566,65566,"43747,9567,55579,32894,40015,12667,46887,7193,46333,53447"
65702,65702,"43747,9567,55579,32894,40015,12667,46887,7193,46333,53447"
66404,66404,"43747,9567,55579,32894,40015,12667,46887,7193,46333,53447"
67454,67454,"43747,9567,55579,32894,40015,12667,46887,7193,46333,53447"
67819,67819,"43747,9567,55579,32894,40015,12667,46887,7193,46333,53447"
67980,67980,"43747,9567,55579,32894,40015,12667,46887,7193,46333,53447"
68217,68217,"43747,9567,55579,32894,40015,12667,46887,7193,46333,53447"
68768,68768,"43747,9567,55579,32894,40015,12667,46887,7193,46333,53447"
70295,70295,"43747,9567,55579,32894,40015,12667,46887,7193,46333,53447"
70545,70545,"43747,9567,55579,32894,40015,12667,46887,7193,46333,53447"
70722,70722,"43747,9567,55579,32894,40015,12667,46887,7193,46333,53447"
70876,70876,"43747,9567,55579,32894,40015,12667,46887,7193,46333,53447"
71302,71302,"43747,9567,55579,32894,40015,12667,46887,7193,46333,53447"
71715,71715,"54794,43747,9567,55579,32894,40015,12667,46887,7193,46333"
72058,72058,"40015,43747,9567,55579,32894,12667,46887,7193,46333,53447"
72169,72169,"43747,9567,55579,32894,40015,12667,46887,7193,46333,53447"
72919,72919,"43747,9567,55579,32894,40015,12667,46887,7193,46333,53447"
73781,73781,"43747,9567,55579,32894,40015,12667,46887,7193,46333,53447"
73843,73843,"43747,9567,55579,32894,40015,12667,46887,15656,7193,46333"
74190,74190,"43747,9567,55579,32894,40015,12667,46887,7193,33777,46333"
74394,74394,"43747,9567,55579,32894,40015,12667,46887,7193,15656,39563"
74489,74489,"43747,9567,55579,32894,40015,12667,46887,7193,46333,53447"
74734,74734,"43747,9567,55579,32894,40015,12667,46887,7193,46333,53447"
74882,74882,"43747,9567,55579,32894,40015,12667,46887,7193,34211,46333"
75017,75017,"43747,9567,55579,32894,40015,12667,46887,7193,46333,53447"
75151,75151,"43747,9567,55579,32894,40015,12667,46887,7193,46333,53447"
75257,75257,"43747,9567,55579,32894,40015,12667,46887,7193,46333,53447"
75471,75471,"43747,9567,55579,32894,40015,12667,46887,7193,46333,53447"
75523,75523,"43747,9567,55579,32894,40015,12667,46887,7193,46333,53447"
76327,76327,"43747,9567,55579,32894,40015,12667,46887,7193,46333,53447"
76842,76842,"43747,9567,55579,32894,40015,12667,46887,7193,46333,53447"
77042,77042,"43747,9567,55579,32894,40015,12667,46887,7193,46333,53447"
77194,77194,"43747,9567,55579,32894,40015,12667,46887,7193,46333,53447"
77672,77672,"43747,9567,55579,32894,40015,12667,46887,7193,46333,53447"
78770,78770,"43747,9567,55579,32894,40015,12667,46887,7193,46333,53447"
78989,78989,"43747,9567,55579,32894,40015,12667,46887,7193,46333,53447"
80655,80655,"43747,9567,55579,32894,40015,12667,46887,7193,46333,53447"
80799,80799,"43747,9567,55579,32894,40015,12667,46887,7193,46333,53447"
80834,80834,"32894,43747,9567,55579,40015,46333,12667,46887,7193,53447"
80914,80914,"43747,9567,55579,32894,40015,12667,46887,7193,46333,53447"
80926,80926,"43747,9567,55579,32894,40015,12667,46887,7193,46333,53447"
80954,80954,"55579,43747,9567,32894,40015,12667,46887,7193,46333,53447"
80968,80968,"43747,9567,55579,32894,40015,12667,46887,7193,46333,53447"
81268,81268,"43747,9567,55579,32894,40015,12667,46887,7193,46333,53447"
81867,81867,"43747,9567,55579,32894,40015,12667,46887,7193,46333,53447"
83207,83207,"43747,9567,55579,32894,40015,12667,46887,7193,46333,53447"
83870,83870,"43747,9567,55579,32894,40015,12667,46887,7193,46333,53447"
84235,84235,"44215,43747,9567,55579,32894,40015,12667,46887,7193,46333"
84455,84455,"43747,9567,55579,32894,40015,12667,46887,51668,7193,15656"
84469,84469,"43747,9567,55579,32894,40015,12667,46887,7193,46333,53447"
84855,84855,"43747,9567,55579,32894,40015,12667,46887,7193,46333,53447"
84892,84892,"43747,9567,55579,32894,40015,12667,46887,7193,21507,46333"
85074,85074,"43747,9567,55579,32894,40015,12667,46887,7193,46333,53447"
85354,85354,"43747,9567,55579,32894,40015,12667,46887,7193,46333,53447"
85503,85503,"43747,9567,55579,32894,40015,12667,46887,7193,46333,53447"
85889,85889,"43747,9567,55579,32894,40015,12667,46887,7193,46333,53447"
86334,86334,"43747,9567,55579,32894,40015,12667,46887,7193,46333,53447"
88113,88113,"43747,9567,55579,32894,40015,12667,46887,7193,50368,32261"
88213,88213,"43747,9567,55579,32894,40015,12667,46887,7193,46333,53447"
88386,88386,"43747,9567,55579,32894,40015,12667,46887,7193,46333,53447"
88509,88509,"43747,9567,55579,32894,40015,12667,46887,7193,46333,53447"
88578,88578,"43747,9567,55579,32894,40015,12667,46887,7193,46333,53447"
88682,88682,"43747,9567,55579,32894,40015,12667,46887,7193,46333,53447"
89371,89371,"43747,9567,55579,32894,40015,12667,46887,7193,46333,53447"
89708,89708,"43747,9567,55579,32894,40015,12667,46887,7193,46333,53447"
89877,89877,"43747,9567,55579,32894,40015,12667,46887,7193,46333,53447"
90048,90048,"55579,43747,9567,32894,40015,12667,46887,7193,46333,53447"
91154,91154,"43747,9567,55579,32894,40015,12667,46887,7193,46333,53447"
91400,91400,"43747,9567,55579,32894,40015,12667,46887,7193,46333,53447"
91432,91432,"43747,9567,55579,32894,40015,12667,46887,7193,46333,53447"
91812,91812,"43747,9567,55579,32894,40015,12667,46887,7193,46333,53447"
92344,92344,"43747,9567,55579,32894,40015,12667,46887,7193,46333,53447"
92626,92626,"43747,9567,55579,32894,40015,12667,46887,7193,46333,53447"
92779,92779,"43747,9567,55579,32894,40015,12667,46887,7193,46333,53447"
93357,93357,"43747,9567,55579,32894,40015,12667,46887,7193,46333,53447"
94005,94005,"40015,43747,9567,55579,32894,12667,46887,7193,46333,53447"
94818,94818,"43747,9567,55579,32894,40015,12667,46887,7193,46333,53447"
94855,94855,"43747,9567,55579,32894,40015,12667,46887,7193,46333,53447"
95142,95142,"43747,9567,55579,32894,40015,12667,46887,7193,46333,53447"
96660,96660,"43747,9567,55579,32894,40015,12667,46887,7193,46333,53447"
97284,97284,"43747,9567,55579,32894,40015,12667,46887,7193,46333,53447"
97751,97751,"43747,9567,55579,32894,40015,12667,46887,7193,46333,53447"
98021,98021,"55579,43747,9567,32894,40015,12667,46887,7193,46333,53447"
98134,98134,"43747,9567,55579,32894,40015,12667,46887,7193,46333,53447"
98219,98219,"29241,27782,55579,32894,40015,12667,46887,7193,46333,53447"
98309,98309,"43747,9567,55579,32894,40015,12667,46887,7193,46333,53447"
98390,98390,"43747,9567,55579,32894,40015,12667,46887,7193,46333,53447"
98636,98636,"43747,9567,55579,32894,40015,12667,46887,7193,46333,53447"
98908,98908,"43747,9567,55579,32894,40015,12667,46887,7193,46333,53447"
99154,99154,"43747,9567,55579,32894,40015,12667,46887,7193,46333,53447"
99183,99183,"44107,43747,55579,32894,40015,12667,46887,7193,46333,53447"
99571,99571,"43747,9567,55579,32894,40015,12667,46887,7193,32577,46333"
100080,100080,"43747,9567,55579,32894,40015,12667,46887,7193,46333,53447"
100618,100618,"43747,9567,55579,32894,40015,12667,46887,7193,46333,53447"
100818,100818,"43747,9567,55579,32894,40015,12667,46887,7193,46333,53447"
101349,101349,"43747,9567,55579,32894,40015,12667,46887,7193,46333,53447"
101532,101532,"43747,9567,55579,32894,40015,12667,46887,7193,46333,53447"
101930,101930,"43747,9567,55579,32894,40015,12667,46887,7193,46333,53447"
102104,102104,"3949,43747,55579,32894,40015,12667,46887,7193,46333,53447"
102348,102348,"43747,9567,55579,32894,40015,12667,46887,7193,46333,53447"
102429,102429,"43747,9567,55579,32894,40015,12667,46887,7193,46333,53447"
102474,102474,"43747,9567,55579,32894,40015,12667,46887,7193,46333,53447"
102537,102537,"43747,9567,55579,32894,40015,12667,46887,7193,46333,53447"
103711,103711,"43747,9567,55579,32894,40015,12667,46887,7193,46333,53447"
104296,104296,"43747,9567,55579,32894,40015,12667,46887,7193,46333,53447"
104453,104453,"43747,9567,55579,32894,40015,12667,46887,7193,46333,53447"
104839,104839,"43747,9567,55579,32894,40015,12667,46887,7193,46333,53447"
105141,105141,"43747,9567,55579,32894,40015,12667,46887,7193,46333,53447"
105842,105842,"43747,9567,55579,32894,40015,12667,46887,7193,46333,53447"
106123,106123,"43747,9567,55579,32894,40015,12667,46887,7193,46333,53447"
106970,106970,"43747,9567,55579,32894,40015,12667,46887,7193,46333,53447"
107046,107046,"43747,9567,55579,32894,40015,12667,46887,7193,46333,53447"
107652,107652,"43747,9567,55579,32894,40015,12667,46887,7193,46333,53447"
108273,108273,"43747,9567,55579,32894,40015,12667,46887,7193,46333,53447"
110248,110248,"43747,9567,55579,32894,40015,12667,46887,7193,46333,53447"
110795,110795,"43747,9567,55579,32894,40015,12667,46887,7193,46333,53447"
111479,111479,"43747,9567,55579,32894,40015,12667,46887,7193,46333,53447"
111654,111654,"43747,9567,55579,32894,40015,12667,46887,7193,46333,53447"
111722,111722,"43747,9567,55579,32894,40015,12667,46887,7193,46333,53447"
111790,111790,"43747,9567,55579,32894,40015,12667,46887,7193,46333,53447"
111837,111837,"43747,9567,55579,32894,40015,12667,46887,7193,46333,53447"
113994,113994,"43747,9567,55579,32894,40015,12667,46887,7193,46333,53447"
114390,114390,"43747,9567,55579,32894,40015,12667,46887,7193,46333,53447"
114710,114710,"43747,9567,55579,32894,40015,12667,46887,7193,46333,53447"
115118,115118,"43747,9567,55579,32894,40015,12667,46887,7193,46333,53447"
115383,115383,"43747,9567,55579,32894,40015,12667,46887,7193,46333,53447"
115632,115632,"43747,9567,55579,32894,40015,12667,46887,7193,46333,53447"
116097,116097,"43747,9567,55579,32894,40015,12667,46887,7193,46333,53447"
116376,116376,"40015,43747,9567,55579,32894,12667,46887,7193,46333,53447"
116877,116877,"43747,9567,55579,32894,40015,12667,46887,7193,46333,53447"
117701,117701,"43747,9567,55579,32894,40015,12667,46887,7193,46333,53447"
117877,117877,"32894,43747,9567,55579,40015,12667,46887,7193,46333,53447"
118306,118306,"43747,9567,55579,32894,40015,12667,46887,7193,46333,53447"
119947,119947,"43747,9567,55579,32894,40015,12667,46887,7193,46333,53447"
120017,120017,"43747,9567,55579,32894,40015,12667,46887,7193,46333,53447"
120921,120921,"43747,9567,55579,32894,40015,12667,46887,7193,46333,53447"
120925,120925,"43747,9567,55579,32894,40015,12667,46887,7193,46333,53447"
121414,121414,"43747,9567,55579,32894,40015,12667,46887,7193,46333,53447"
121713,121713,"43747,9567,55579,32894,40015,12667,46887,7193,46333,53447"
121834,121834,"43747,9567,55579,32894,40015,12667,46887,7193,46333,53447"
122563,122563,"43747,9567,55579,32894,40015,12667,46887,7193,46333,53447"
122654,122654,"43747,9567,55579,32894,40015,12667,46887,7193,46333,53447"
122904,122904,"43747,9567,55579,32894,40015,12667,46887,7193,46333,53447"
123506,123506,"43747,9567,55579,32894,40015,12667,46887,7193,46333,53447"
123529,123529,"43747,9567,55579,32894,40015,12667,46887,7193,46333,53447"
123594,123594,"40015,43747,9567,55579,32894,12667,46887,7193,46333,53447"
123741,123741,"43747,9567,55579,32894,40015,12667,46887,7193,50368,53606"
123837,123837,"43747,9567,55579,32894,40015,12667,46887,7193,46333,53447"
124619,124619,"43747,9567,55579,32894,40015,12667,46887,7193,46333,53447"
125374,125374,"43747,9567,55579,32894,40015,12667,46887,7193,46333,53447"
126040,126040,"43747,9567,55579,32894,40015,12667,46887,7193,46333,53447"
126230,126230,"43747,9567,55579,32894,40015,12667,46887,7193,46333,53447"
126384,126384,"43747,9567,55579,32894,40015,12667,46887,7193,46333,53447"
126503,126503,"43747,9567,55579,32894,40015,12667,46887,7193,46333,53447"
126834,126834,"43747,9567,55579,32894,40015,12667,46887,7193,46333,53447"
126953,126953,"43747,9567,55579,32894,40015,12667,46887,7193,46333,53447"
127263,127263,"44215,43747,9567,55579,32894,40015,12667,46887,7193,46333"
127523,127523,"43747,9567,55579,32894,40015,12667,46887,7193,46333,53447"
127603,127603,"43747,9567,55579,32894,40015,12667,46887,7193,46333,53447"
128097,128097,"43747,9567,55579,32894,40015,12667,46887,7193,46333,53447"
128252,128252,"43747,9567,55579,32894,40015,12667,46887,7193,46333,53447"
128342,128342,"43747,9567,55579,32894,40015,12667,46887,7193,46333,53447"
128780,128780,"43747,9567,54794,55579,32894,40015,12667,46887,7193,46333"
129382,129382,"43747,9567,55579,32894,40015,12667,46887,7193,46333,53447"
129407,129407,"43747,9567,55579,32894,40015,12667,46887,7193,46333,53447"
129518,129518,"43747,9567,55579,32894,40015,12667,46887,7193,46333,53447"
129805,129805,"43747,9567,55579,32894,40015,12667,46887,7193,46333,53447"
129984,129984,"43747,9567,55579,32894,40015,12667,46887,7193,46333,53447"
130109,130109,"43747,9567,55579,32894,40015,12667,46887,7193,46333,53447"
130564,130564,"43747,9567,55579,32894,40015,12667,46887,7193,46333,53447"
131209,131209,"43747,9567,55579,32894,40015,12667,46887,7193,46333,53447"
131381,131381,"43747,9567,55579,32894,40015,12667,46887,7193,46333,53447"
131399,131399,"43747,9567,55579,32894,40015,12667,46887,7193,46333,53447"
131420,131420,"43747,9567,55579,32894,40015,12667,46887,50888,7193,46333"
132025,132025,"43747,9567,55579,32894,40015,12667,46887,7193,46333,53447"
132684,132684,"43747,9567,55579,32894,40015,12667,46887,7193,46333,53447"
134137,134137,"43747,9567,55579,32894,40015,12667,46887,7193,46333,53447"
135250,135250,"43747,9567,55579,32894,40015,12667,46887,7193,46333,53447"
136131,136131,"43747,9567,55579,32894,40015,12667,46887,7193,46333,53447"
136184,136184,"43747,9567,55579,32894,40015,12667,46887,7193,46333,53447"
136493,136493,"43747,9567,55579,32894,40015,12667,46887,7193,46333,53447"
137494,137494,"43747,9567,55579,32894,40015,12667,46887,7193,46333,53447"
137608,137608,"43747,9567,55579,32894,40015,12667,46887,7193,46333,53447"
137640,137640,"43747,9567,55579,32894,40015,12667,46887,7193,46333,53447"
138333,138333,"43747,9567,55579,32894,40015,12667,46887,7193,46333,53447"
138391,138391,"43747,9567,55579,32894,40015,12667,46887,7193,46333,53447"
140375,140375,"43747,9567,55579,32894,40015,12667,46887,7193,46333,53447"
140415,140415,"43747,9567,55579,32894,40015,12667,46887,7193,46333,53447"
140441,140441,"43747,9567,55579,32894,40015,12667,46887,7193,46333,53447"
140729,140729,"43747,9567,55579,32894,40015,12667,46887,7193,46333,53447"
140953,140953,"43747,9567,55579,32894,40015,12667,46887,7193,46333,53447"
141278,141278,"43747,9567,55579,32894,40015,12667,46887,7193,46333,53447"
141580,141580,"43747,9567,55579,32894,40015,12667,46887,7193,46333,53447"
141666,141666,"43747,9567,55579,32894,40015,12667,46887,7193,46333,53447"
141804,141804,"43747,9567,55579,32894,40015,12667,46887,7193,46333,53447"
141979,141979,"43747,9567,55579,32894,40015,12667,46887,7193,46333,53447"
142189,142189,"43747,9567,55579,32894,40015,12667,46887,7193,46333,53447"
144165,144165,"43747,9567,55579,32894,40015,12667,46887,7193,46333,53447"
144455,144455,"43747,9567,55579,32894,40015,12667,46887,7193,46333,53447"
144858,144858,"43747,9567,55579,32894,40015,12667,46887,7193,46333,53447"
145267,145267,"43747,9567,55579,32894,40015,12667,46887,7193,46333,53447"
145446,145446,"40015,43747,9567,55579,32894,12667,46887,7193,46333,53447"
145492,145492,"43747,9567,55579,32894,40015,12667,46887,7193,46333,53447"
146338,146338,"43747,9567,55579,32894,40015,12667,46887,7193,46333,53447"
146611,146611,"43747,9567,55579,32894,40015,12667,46887,7193,46333,53447"
147295,147295,"43747,9567,55579,32894,40015,12667,46887,7193,46333,53447"
147486,147486,"43747,9567,55579,32894,40015,12667,46887,7193,46333,53447"
147835,147835,"43747,9567,55579,32894,40015,12667,46887,7193,46333,53447"
147904,147904,"43747,9567,55579,32894,40015,12667,46887,7193,46333,53447"
148048,148048,"43747,9567,55579,32894,40015,12667,46887,7193,46333,53447"
148208,148208,"33707,46076,55579,32894,40015,12667,46887,7193,57160,46333"
148415,148415,"43747,9567,55579,32894,40015,12667,46887,7193,46333,53447"
149673,149673,"43747,9567,5937,55579,32894,40015,12667,46887,7193,46333"
149731,149731,"43747,9567,55579,32894,40015,12667,46887,7193,46333,53447"
149837,149837,"43747,9567,55579,32894,40015,12667,46887,7193,46333,53447"
149937,149937,"43747,9567,55579,32894,40015,12667,46887,7193,46333,53447"
150163,150163,"32894,43747,9567,55579,40015,12667,46887,7193,46333,53447"
150503,150503,"43747,9567,55579,32894,40015,12667,46887,7193,46333,53447"
150636,150636,"43747,9567,55579,32894,40015,12667,46887,7193,46333,53447"
150789,150789,"43747,9567,55579,32894,40015,12667,46887,7193,46333,53447"
151231,151231,"43747,9567,55579,32894,40015,12667,46887,7193,46333,53447"
152241,152241,"43747,9567,55579,32894,40015,12667,46887,7193,46333,53447"
152937,152937,"43747,9567,55579,32894,40015,12667,46887,7193,46333,53447"
153074,153074,"43747,9567,55579,32894,40015,12667,46887,7193,46333,53447"
153464,153464,"43747,9567,55579,32894,40015,12667,46887,7193,46333,53447"
153963,153963,"43747,9567,55579,32894,40015,12667,46887,7193,46333,53447"
154068,154068,"43747,9567,55579,32894,40015,12667,46887,7193,32577,46333"
154092,154092,"43747,9567,55579,32894,40015,12667,46887,7193,46333,53447"
154424,154424,"43747,9567,55579,32894,40015,12667,46887,7193,46333,53447"
154464,154464,"43747,9567,55579,32894,40015,12667,46887,7193,46333,53447"
154531,154531,"43747,9567,55579,32894,40015,12667,46887,7193,46333,53447"
154764,154764,"43747,9567,55579,32894,40015,12667,46887,7193,46333,53447"
155716,155716,"43747,9567,55579,32894,40015,12667,46887,7193,46333,53447"
155869,155869,"43747,9567,55579,32894,40015,12667,46887,7193,46333,53447"
157009,157009,"43747,9567,55579,32894,40015,12667,46887,7193,46333,53447"
157274,157274,"43747,9567,55579,32894,40015,12667,46887,7193,46333,53447"
157287,157287,"43747,9567,55579,32894,40015,12667,46887,7193,46333,53447"
158254,158254,"43747,9567,55579,32894,40015,12667,46887,7193,46333,53447"
158381,158381,"43747,9567,55579,32894,40015,12667,46887,7193,46333,53447"
158502,158502,"43747,9567,55579,32894,40015,12667,46887,7193,46333,53447"
158839,158839,"43747,9567,55579,32894,40015,12667,46887,7193,46333,53447"
159201,159201,"43747,7992,55579,32894,40015,12667,46887,7193,46333,53447"
160102,160102,"43747,9567,55579,32894,40015,12667,46887,7193,46333,53447"
160110,160110,"43747,9567,55579,32894,40015,12667,46887,7193,46333,53447"
160922,160922,"43747,9567,55579,32894,40015,12667,46887,7193,46333,53447"
160952,160952,"43747,9567,55579,32894,40015,12667,46887,7193,46333,53447"
161782,161782,"43747,9567,55579,32894,40015,12667,46887,7193,46333,53447"
161860,161860,"43747,9567,55579,32894,40015,12667,46887,7193,46333,53447"
162151,162151,"43747,9567,55579,32894,40015,12667,46887,7193,46333,53447"
162152,162152,"7193,43747,9567,55579,32894,40015,12667,46887,46333,53447"
162225,162225,"43747,9567,55579,32894,40015,12667,46887,7193,46333,53447"
162244,162244,"43747,9567,55579,32894,40015,12667,46887,7193,46333,53447"
163919,163919,"43747,9567,55579,32894,40015,12667,46887,7193,46333,53447"
164241,164241,"43747,9567,55579,32894,12667,54794,46887,7193,46333,53447"
164804,164804,"43747,9567,55579,32894,40015,12667,46887,7193,46333,53447"
165482,165482,"43747,9567,55579,32894,40015,46333,12667,46887,7193,53447"
165793,165793,"43747,9567,55579,32894,40015,12667,46887,7193,46333,53447"
166285,166285,"43747,9567,55579,32894,40015,12667,46887,7193,46333,53447"
166567,166567,"43747,9567,55579,32894,40015,12667,46887,7193,46333,53447"
166704,166704,"43747,9567,55579,32894,40015,12667,46887,7193,46333,53447"
166797,166797,"43747,9567,55579,32894,40015,12667,46887,7193,46333,53447"
167577,167577,"43747,9567,55579,32894,40015,12667,46887,7193,46333,53447"
168260,168260,"43747,9567,33777,55579,32894,40015,12667,46887,7193,46333"
168512,168512,"43747,9567,55579,32894,40015,12667,46887,7193,46333,53447"
168863,168863,"43747,9567,55579,32894,40015,12667,46887,7193,46333,53447"
169287,169287,"43747,9567,55579,32894,40015,12667,46887,7193,46333,53447"
169298,169298,"43747,9567,55579,32894,40015,12667,46887,7193,46333,53447"
169310,169310,"43747,9567,55579,32894,40015,12667,46887,7193,46333,53447"
169443,169443,"43747,9567,55579,32894,40015,12667,46887,7193,46333,53447"
170082,170082,"43747,9567,55579,32894,40015,12667,46887,7193,46333,53447"
170272,170272,"43747,9567,55579,32894,40015,12667,46887,7193,46333,53447"
170303,170303,"43747,9567,55579,32894,40015,12667,46887,7193,46333,53447"
170637,170637,"43747,9567,55579,32894,40015,12667,46887,7193,46333,53447"
170720,170720,"43747,9567,55579,32894,40015,12667,46887,7193,46333,53447"
170917,170917,"43747,9567,55579,32894,40015,12667,46887,7193,46333,53447"
171125,171125,"43747,9567,55579,32894,40015,12667,46887,7193,46333,53447"
171705,171705,"43747,9567,55579,32894,40015,12667,46887,7193,46333,53447"
171815,171815,"44215,43747,9567,55579,32894,40015,12667,46887,7193,46333"
172127,172127,"43747,9567,55579,32894,40015,12667,46887,7193,46333,53447"
172469,172469,"43747,9567,55579,32894,40015,12667,46887,7193,46333,53447"
173006,173006,"43747,9567,55579,32894,40015,12667,46887,7193,46333,53447"
173450,173450,"43747,9567,55579,32894,40015,12667,46887,7193,46333,53447"
174444,174444,"43747,9567,55579,32894,40015,12667,46887,7193,46333,53447"
174893,174893,"43747,9567,55579,32894,40015,12667,46887,7193,46333,53447"
175134,175134,"43747,9567,55579,32894,40015,12667,46887,7193,46333,53447"
175323,175323,"53447,43747,9567,55579,32894,40015,12667,46887,7193,46333"
175508,175508,"43747,9567,55579,32894,40015,12667,46887,7193,46333,53447"
176173,176173,"43747,9567,55579,32894,40015,12667,46887,7193,46333,53447"
177089,177089,"43747,9567,55579,32894,40015,12667,46887,7193,46333,53447"
177293,177293,"43747,9567,55579,28707,32894,40015,12667,46887,7193,46333"
178058,178058,"43747,9567,55579,32894,40015,12667,46887,7193,46333,53447"
178582,178582,"43747,9567,55579,32894,40015,12667,46887,7193,46333,53447"
178761,178761,"43747,9567,55579,32894,40015,12667,46887,7193,46333,53447"
179027,179027,"43747,9567,55579,32894,40015,12667,46887,7193,46333,53447"
179474,179474,"43747,9567,55579,32894,40015,12667,46887,7193,46333,53447"
179686,179686,"43747,9567,55579,32894,40015,12667,46887,7193,46333,53447"
180490,180490,"43747,9567,55579,32894,40015,12667,46887,7193,46333,53447"
180779,180779,"43747,9567,55579,32894,40015,12667,46887,7193,46333,53447"
180877,180877,"43747,9567,55579,32894,40015,12667,46887,7193,46333,53447"
180931,180931,"43747,9567,55579,32894,40015,12667,46887,7193,46333,53447"
181314,181314,"43747,9567,55579,32894,40015,12667,46887,7193,46333,53447"
182094,182094,"43747,9567,55579,32894,40015,12667,46887,7193,46333,53447"
182401,182401,"43747,9567,55579,32894,40015,12667,46887,7193,46333,53447"
182612,182612,"43747,9567,55579,32894,40015,12667,46887,7193,46333,53447"
182895,182895,"43747,9567,55579,32894,40015,12667,46887,7193,46333,53447"
183054,183054,"43747,9567,55579,32894,40015,12667,46887,7193,45050,50104"
183895,183895,"43747,9567,55579,32894,40015,12667,46887,7193,13713,46333"
184022,184022,"43747,9567,55579,32894,40015,12667,46887,7193,46333,53447"
184591,184591,"43747,9567,55579,32894,40015,12667,46887,7193,46333,53447"
184625,184625,"43747,9567,55579,32894,40015,12667,46887,7193,46333,53447"
184671,184671,"43747,9567,55579,32894,40015,12667,46887,7193,46333,53447"
184771,184771,"43747,9567,55579,32894,40015,12667,46887,7193,46333,53447"
185059,185059,"43747,9567,55579,32894,40015,12667,46887,7193,46333,53447"
185629,185629,"43747,9567,55579,32894,40015,12667,46887,7193,46333,53447"
186062,186062,"43747,9567,55579,32894,40015,12667,46887,7193,46333,53447"
186410,186410,"43747,9567,55579,32894,40015,12667,46887,46333,53447,54794"
186417,186417,"43747,9567,55579,32894,40015,12667,46887,7193,46333,53447"
186501,186501,"43747,9567,55579,32894,40015,12667,46887,7193,46333,53447"
186565,186565,"43747,9567,55579,32894,40015,12667,46887,7193,46333,53447"
186586,186586,"43747,9567,55579,32894,40015,12667,46887,7193,33777,46333"
186673,186673,"43747,9567,55579,32894,40015,12667,46887,7193,46333,53447"
186846,186846,"43747,9567,55579,32894,40015,12667,46887,7193,46333,53447"
187546,187546,"43747,9567,55579,32894,40015,12667,46887,7193,46333,53447"
187931,187931,"43747,9567,55579,32894,40015,12667,46887,7193,46333,53447"
188427,188427,"43747,40015,9567,55579,32894,12667,46887,7193,46333,53447"
188702,188702,"43747,9567,55579,32894,40015,12667,46887,7193,46333,53447"
188854,188854,"43747,9567,55579,32894,40015,12667,46887,7193,46333,53447"
189178,189178,"43747,9567,55579,32894,40015,12667,46887,7193,46333,53447"
189526,189526,"43747,9567,55579,32894,40015,12667,46887,7193,46333,53447"
190208,190208,"43747,9567,55579,32894,40015,12667,46887,7193,46333,53447"
190747,190747,"43747,9567,55579,32894,40015,12667,46887,7193,46333,53447"
190819,190819,"43747,9567,55579,32894,40015,12667,46887,7193,46333,53447"
191350,191350,"40015,43747,9567,55579,32894,12667,46887,7193,46333,53447"
191485,191485,"43747,9567,55579,32894,40015,12667,46887,7193,46333,53447"
192407,192407,"43747,9567,55579,32894,40015,12667,46887,7193,46333,53447"
192867,192867,"7992,43747,55579,32894,40015,12667,46887,7193,46333,53447"
193101,193101,"43747,9567,55579,32894,40015,12667,46887,7193,46333,53447"
193265,193265,"43747,9567,55579,32894,40015,12667,46887,7193,46333,53447"
193386,193386,"43747,9567,55579,32894,40015,12667,46887,7193,46333,53447"
194000,194000,"43747,9567,55579,32894,40015,12667,46887,7193,46333,53447"
195019,195019,"43747,9567,55579,32894,40015,12667,46887,7193,46333,53447"
195373,195373,"43747,9567,55579,32894,40015,12667,46887,7193,46333,53447"
195628,195628,"43747,9567,55579,32894,40015,12667,46887,7193,46333,53447"
196067,196067,"43747,9567,55579,32894,40015,12667,46887,7193,46333,53447"
197504,197504,"43747,9567,55579,32894,40015,12667,46887,7193,46333,53447"
198703,198703,"43747,9567,55579,32894,40015,12667,46887,7193,46333,53447"
198779,198779,"43747,9567,55579,32894,40015,12667,46887,7193,46333,53447"
198848,198848,"43747,9567,55579,32894,40015,12667,46887,7193,46333,53447"
199084,199084,"43747,9567,55579,32894,40015,12667,46887,7193,46333,53447"
199174,199174,"43747,9567,55579,32894,40015,12667,46887,7193,46333,53447"
199854,199854,"43747,9567,55579,32894,40015,12667,46887,7193,46333,53447"
199887,199887,"43747,9567,55579,32894,40015,12667,46887,7193,46333,53447"
200098,200098,"43747,9567,55579,32894,40015,12667,46887,7193,46333,53447"
200347,200347,"43747,9567,55579,32894,40015,12667,46887,7193,46333,53447"
200395,200395,"43747,9567,55579,32894,40015,12667,46887,7193,46333,53447"
200784,200784,"43747,9567,55579,32894,40015,12667,46887,7193,46333,53447"
201062,201062,"43747,9567,55579,32894,40015,12667,46887,7193,46333,53447"
201233,201233,"43747,9567,55579,32894,40015,12667,46887,7193,46333,53447"
201777,201777,"43747,9567,55579,32894,40015,12667,46887,7193,51668,46333"
201782,201782,"3949,40015,43747,55579,32894,12667,46887,7193,46333,53447"
202079,202079,"43747,9567,55579,32894,40015,12667,46887,7193,46333,53447"
202459,202459,"43747,40015,9567,55579,32894,12667,46887,7193,46333,53447"
202704,202704,"54794,43747,9567,55579,32894,40015,12667,46887,7193,46333"
202758,202758,"43747,9567,55579,32894,40015,12667,46887,7193,35167,46333"
202877,202877,"43747,9567,55579,32894,40015,12667,46887,7193,46333,53447"
203533,203533,"43747,9567,55579,32894,40015,12667,46887,7193,46333,53447"
203934,203934,"43747,9567,55579,32894,40015,12667,46887,7193,46333,53447"
203963,203963,"43747,9567,55579,32894,40015,12667,46887,7193,46333,53447"
204103,204103,"43747,9567,55579,32894,40015,12667,46887,7193,46333,53447"
204424,204424,"43747,9567,55579,32894,40015,12667,46887,7193,46333,53447"
204766,204766,"43747,9567,55579,32894,40015,12667,46887,7193,46333,53447"
205235,205235,"7992,43747,55579,32894,40015,12667,46887,7193,46333,53447"
206207,206207,"43747,9567,55579,32894,40015,12667,46887,7193,46333,53447"
206218,206218,"43747,9567,55579,32894,40015,12667,46887,7193,46333,53447"
206778,206778,"43747,9567,55579,32894,40015,12667,46887,7193,46333,53447"
208037,208037,"43747,9567,55579,32894,40015,12667,46887,7193,46333,53447"
208439,208439,"43747,9567,55579,32894,40015,12667,46887,7193,46333,53447"
208664,208664,"43747,9567,55579,32894,40015,12667,46887,7193,46333,53447"
209698,209698,"43747,9567,55579,32894,40015,12667,46887,7193,46333,53447"
209706,209706,"43747,9567,55579,32894,40015,12667,46887,35167,7193,46333"
209746,209746,"43747,9567,55579,32894,40015,12667,46887,7193,46333,53447"
209943,209943,"43747,9567,55579,32894,40015,12667,46887,44215,7193,46333"
210351,210351,"43747,9567,55579,32894,40015,12667,46887,7193,46333,53447"
210414,210414,"43747,9567,55579,32894,40015,12667,46887,7193,46333,53447"
211191,211191,"43747,9567,55579,32894,40015,12667,46887,7193,46333,53447"
211222,211222,"43747,9567,55579,32894,40015,12667,46887,7193,46333,53447"
211335,211335,"43747,9567,55579,32894,40015,12667,46887,7193,46333,53447"
212056,212056,"43747,9567,55579,32894,40015,12667,46887,7193,46333,53447"
212113,212113,"43747,9567,55579,32894,40015,12667,46887,7193,46333,53447"
212263,212263,"43747,9567,55579,32894,40015,12667,46887,7193,46333,53447"
212410,212410,"43747,9567,55579,32894,40015,12667,46887,7193,46333,53447"
212619,212619,"43747,9567,55579,32894,40015,12667,46887,7193,46333,53447"
213354,213354,"43747,9567,55579,32894,40015,12667,46887,7193,46333,53447"
213367,213367,"43747,9567,55579,32894,40015,12667,46887,7193,46333,53447"
213622,213622,"43747,9567,55579,32894,40015,12667,46887,7193,46333,53447"
213875,213875,"43747,9567,55579,32894,40015,12667,46887,7193,46333,53447"
214168,214168,"43747,9567,55579,32894,40015,12667,46887,7193,46333,53447"
214404,214404,"40015,43747,9567,55579,32894,12667,46887,7193,46333,53447"
215504,215504,"43747,9567,55579,32894,40015,12667,46887,7193,46333,53447"
215624,215624,"43747,9567,55579,32894,40015,12667,46887,7193,46333,53447"
215793,215793,"43747,9567,55579,32894,40015,12667,46887,7193,46333,53447"
215910,215910,"43747,9567,55579,32894,40015,12667,46887,7193,46333,53447"
216233,216233,"43747,9567,55579,32894,40015,12667,46887,7193,46333,53447"
216931,216931,"43747,9567,55579,32894,40015,12667,46887,7193,33777,46333"
217215,217215,"43747,9567,55579,32894,40015,12667,46887,7193,46333,53447"
217378,217378,"43747,9567,55579,32894,40015,12667,46887,7193,46333,53447"
217387,217387,"43747,9567,55579,32894,40015,12667,46887,7193,46333,53447"
217546,217546,"43747,9567,55579,32894,40015,12667,46887,7193,46333,53447"
218052,218052,"43747,9567,55579,32894,40015,12667,46887,7193,46333,53447"
218187,218187,"43747,9567,32894,40015,12667,46887,7193,46333,53447,54794"
218486,218486,"43747,9567,55579,32894,36181,40015,12667,46887,7193,35167"
218721,218721,"43747,9567,55579,32894,40015,12667,46887,7193,46333,53447"
219212,219212,"55435,43747,55579,32894,40015,12667,46887,39563,7193,46333"
219397,219397,"43747,9567,55579,32894,40015,12667,46887,7193,46333,53447"
219697,219697,"43747,9567,55579,32894,40015,12667,46887,7193,46333,53447"
220075,220075,"43747,9567,55579,32894,40015,12667,46887,7193,46333,53447"
220481,220481,"43747,9567,55579,32894,40015,12667,46887,7193,46333,53447"
220664,220664,"43747,9567,55579,32894,40015,12667,46887,7193,46333,53447"
221434,221434,"43747,9567,55579,32894,40015,12667,46887,7193,46333,53447"
221484,221484,"43747,9567,55579,32894,40015,12667,46887,7193,46333,53447"
221833,221833,"43747,9567,55579,32894,40015,12667,46887,7193,46333,53447"
221869,221869,"43747,9567,55579,32894,40015,12667,46887,7193,46333,53447"
222160,222160,"43747,9567,55579,32894,40015,12667,46887,7193,46333,53447"
222290,222290,"43747,9567,55579,32894,40015,12667,46887,7193,46333,53447"
222509,222509,"43747,9567,55579,32894,40015,12667,46887,7193,46333,53447"
222541,222541,"43747,9567,55579,32894,40015,12667,46887,7193,46333,53447"
223012,223012,"43747,9567,55579,32894,40015,12667,46887,7193,46333,53447"
223079,223079,"43747,9567,55579,32894,40015,12667,46887,7193,46333,53447"
223092,223092,"43747,9567,55579,32894,40015,12667,46887,7193,46333,53447"
223109,223109,"43747,9567,54794,55579,32894,40015,12667,46887,7193,46333"
223578,223578,"43747,9567,55579,32894,40015,12667,46887,7193,46333,53447"
223863,223863,"43747,9567,55579,32894,40015,12667,46887,7193,46333,53447"
223976,223976,"43747,9567,55579,32894,40015,12667,46887,7193,46333,53447"
224041,224041,"43747,9567,55579,32894,40015,12667,46887,7193,46333,53447"
224048,224048,"43747,9567,55579,32894,40015,12667,46887,7193,46333,53447"
224661,224661,"43747,9567,55579,32894,40015,12667,46887,7193,46333,53447"
225149,225149,"43747,42998,55579,32894,40015,12667,46887,7193,46333,53447"
225281,225281,"43747,9567,55579,32894,40015,12667,46887,7193,46333,53447"
225317,225317,"43747,9567,55579,32894,40015,12667,46887,7193,46333,53447"
226227,226227,"43747,9567,55579,32894,40015,12667,46887,7193,46333,53447"
226627,226627,"43747,9567,55579,32894,40015,12667,46887,7193,46333,53447"
226972,226972,"52443,361,46887,55579,32894,40015,12667,7193,46333,53447"
227022,227022,"43747,9567,55579,32894,40015,12667,46887,7193,46333,53447"
227448,227448,"43747,9567,55579,32894,40015,12667,46887,7193,46333,53447"
227683,227683,"43747,9567,55579,32894,40015,12667,46887,7193,46333,53447"
227817,227817,"43747,9567,55579,32894,40015,12667,46887,7193,46333,53447"
229142,229142,"43747,9567,55579,32894,40015,12667,46887,7193,46333,53447"
229212,229212,"43747,9567,55579,32894,40015,12667,46887,7193,46333,53447"
229558,229558,"43747,9567,55579,32894,40015,12667,46887,7193,46333,53447"
229789,229789,"43747,9567,55579,32894,40015,12667,46887,7193,46333,53447"
230068,230068,"43747,9567,55579,32894,40015,12667,46887,7193,46333,53447"
230081,230081,"43747,9567,55579,32894,40015,12667,46887,7193,46333,53447"
230139,230139,"43747,9567,55579,32894,40015,12667,46887,7193,46333,53447"
230160,230160,"43747,9567,55579,32894,40015,12667,46887,7193,46333,53447"
230169,230169,"13067,43747,55579,32894,40015,12667,46887,7193,46333,53447"
230641,230641,"43747,9567,55579,32894,40015,12667,46887,7193,46333,53447"
230787,230787,"43747,9567,55579,32894,40015,12667,46887,7193,46333,53447"
230953,230953,"43747,9567,55579,32894,40015,12667,46887,7193,46333,53447"
231157,231157,"43747,9567,55579,32894,12667,54794,46887,7193,46333,53447"
231254,231254,"43747,9567,55579,32894,40015,12667,46887,7193,46333,53447"
231284,231284,"43747,9567,55579,32894,40015,12667,46887,7193,46333,53447"
232083,232083,"43747,9567,55579,32894,40015,12667,46887,7193,46333,53447"
232938,232938,"43747,9567,55579,32894,40015,12667,46887,7193,46333,53447"
233077,233077,"43747,9567,55579,32894,40015,12667,46887,7193,33777,46333"
234427,234427,"43747,9567,55579,32894,40015,12667,46887,7193,46333,53447"
234433,234433,"43747,9567,55579,32894,40015,12667,46887,7193,46333,53447"
235062,235062,"43747,9567,55579,32894,40015,12667,46887,7193,46333,53447"
235089,235089,"43747,9567,55579,32894,40015,12667,46887,7193,46333,53447"
235299,235299,"43747,9567,55579,32894,40015,12667,46887,7193,46333,53447"
236155,236155,"43747,9567,55579,32894,40015,12667,46887,7193,46333,53447"
236230,236230,"43747,9567,55579,32894,40015,12667,46887,7193,46333,53447"
236586,236586,"43747,9567,55579,32894,40015,12667,46887,7193,46333,53447"
237764,237764,"43747,9567,55579,32894,40015,12667,46887,7193,46333,53447"
237902,237902,"43747,9567,55579,32894,40015,12667,46887,7193,46333,53447"
238553,238553,"43747,9567,55579,32894,40015,12667,46887,7193,46333,53447"
239091,239091,"43747,9567,55579,32894,40015,12667,46887,7193,39563,46333"
239140,239140,"43747,9567,55579,32894,40015,12667,46887,7193,46333,53447"
239970,239970,"43747,9567,55579,32894,40015,12667,46887,7193,46333,53447"
239971,239971,"55579,43747,9567,32894,40015,12667,46887,7193,39563,53447"
240067,240067,"43747,9567,55579,32894,40015,12667,46887,7193,46333,53447"
240399,240399,"43747,9567,55579,32894,40015,12667,46887,7193,46333,53447"
240705,240705,"43747,9567,55579,32894,40015,12667,46887,7193,46333,53447"
241036,241036,"43747,9567,55579,32894,40015,12667,46887,7193,46333,53447"
241104,241104,"43747,9567,55579,32894,40015,12667,46887,7193,7660,46333"
241240,241240,"43747,9567,55579,32894,40015,12667,46887,7193,46333,53447"
241861,241861,"40015,43747,9567,55579,32894,12667,46887,7193,46333,53447"
242783,242783,"43747,9567,55579,32894,40015,12667,46887,7193,46333,53447"
243016,243016,"43747,9567,55579,32894,40015,12667,46887,7193,46333,53447"
243126,243126,"43747,9567,55579,32894,40015,54794,12667,46887,7193,46333"
243160,243160,"43747,9567,55579,32894,12667,54794,46887,7193,46333,53447"
243361,243361,"40015,43747,9567,55579,32894,12667,46887,7193,46333,53447"
243763,243763,"43747,7193,9567,55579,32894,40015,12667,46887,46333,53447"
243904,243904,"43747,9567,55579,32894,40015,12667,46887,7193,46333,53447"
244214,244214,"43747,9567,55579,32894,40015,12667,46887,7193,46333,53447"
244716,244716,"43747,9567,55579,32894,40015,12667,46887,7193,46333,53447"
245317,245317,"43747,9567,55579,32894,40015,12667,46887,7193,46333,53447"
245752,245752,"43747,9567,55579,32894,40015,12667,46887,7193,46333,53447"
246626,246626,"43747,9567,55579,32894,40015,12667,46887,7193,46333,53447"
246721,246721,"43747,9567,55579,32894,40015,12667,46887,7193,46333,53447"
246951,246951,"43747,9567,55579,32894,40015,12667,46887,7193,46333,53447"
247019,247019,"43747,9567,55579,32894,40015,12667,46887,7193,46333,53447"
247070,247070,"43747,9567,55579,32894,40015,12667,46887,7193,46333,53447"
247619,247619,"43747,9567,55579,32894,40015,12667,46887,7193,46333,53447"
248088,248088,"25060,6182,55579,32894,40015,12667,46887,7193,46333,53447"
248851,248851,"43747,9567,55579,32894,40015,12667,46887,7193,46333,53447"
249771,249771,"43747,9567,55579,32894,40015,12667,46887,7193,46333,53447"
249824,249824,"29241,25060,55579,32894,40015,12667,46887,7193,46333,53447"
250206,250206,"43747,9567,55579,32894,40015,12667,46887,7193,46333,53447"
250503,250503,"43747,9567,55579,32894,40015,12667,46887,7193,46333,53447"
250594,250594,"43747,9567,55579,32894,40015,12667,46887,7193,46333,53447"
250895,250895,"43747,9567,55579,32894,40015,12667,46887,7193,46333,53447"
251101,251101,"43747,9567,55579,32894,40015,12667,46887,7193,46333,53447"
251383,251383,"43747,9567,55579,32894,40015,12667,46887,7193,46333,53447"
251387,251387,"43747,9567,55579,32894,40015,12667,46887,7193,46333,53447"
251649,251649,"43747,9567,55579,32894,40015,12667,46887,7193,46333,53447"
251768,251768,"43747,9567,55579,32894,40015,12667,46887,7193,46333,53447"
252324,252324,"43747,9567,55579,32894,40015,12667,46887,7193,46333,53447"
252702,252702,"43747,9567,55579,32894,40015,12667,46887,7193,46333,53447"
253294,253294,"43747,9567,55579,32894,40015,12667,46887,7193,46333,53447"
253425,253425,"43747,9567,55579,32894,40015,12667,46887,7193,46333,53447"
253858,253858,"43747,9567,55579,32894,40015,12667,46887,7193,46333,53447"
253923,253923,"43747,9567,55579,32894,40015,12667,46887,7193,46333,53447"
254163,254163,"43747,9567,55579,32894,40015,12667,46887,7193,36726,33756"
255499,255499,"43747,9567,55579,32894,40015,12667,46887,7193,46333,53447"
256088,256088,"43747,9567,55579,32894,40015,12667,46887,7193,46333,53447"
256326,256326,"43747,9567,55579,32894,40015,12667,46887,7193,46333,53447"
256790,256790,"43747,9567,55579,32894,40015,12667,46887,7193,46333,53447"
257225,257225,"43747,9567,55579,32894,40015,12667,46887,7193,46333,53447"
257370,257370,"43747,9567,55579,32894,40015,12667,46887,7193,46333,53447"
257767,257767,"43747,9567,55579,32894,40015,12667,46887,7193,39563,46333"
257790,257790,"43747,9567,55579,32894,40015,12667,46887,7193,46333,53447"
257797,257797,"43747,9567,55579,32894,40015,12667,46887,7193,46333,53447"
257872,257872,"43747,9567,55579,32894,40015,12667,46887,7193,46333,53447"
257984,257984,"43747,9567,55579,40015,12667,54794,46887,7193,46333,53447"
258196,258196,"43747,9567,55579,32894,40015,12667,46887,7193,46333,53447"
258318,258318,"43747,9567,55579,32894,40015,12667,46887,7193,46333,53447"
258774,258774,"43747,9567,32894,55579,40015,12667,46887,7193,63073,46333"
259089,259089,"43747,9567,55579,32894,40015,12667,46887,7193,46333,53447"
259659,259659,"43747,9567,55579,32894,40015,12667,46887,7193,46333,53447"
259716,259716,"43747,9567,55579,32894,40015,12667,46887,7193,46333,53447"
260727,260727,"43747,9567,55579,32894,40015,12667,46887,7193,46333,53447"
260969,260969,"43747,9567,55579,32894,40015,12667,46887,7193,46333,53447"
261281,261281,"43747,9567,55579,32894,40015,12667,46887,7193,46333,53447"
261427,261427,"43747,9567,55579,32894,40015,12667,46887,7193,46333,53447"
261566,261566,"43747,9567,55579,32894,40015,12667,46887,7193,46333,53447"
262161,262161,"43747,9567,55579,32894,40015,12667,46887,7193,46333,53447"
262588,262588,"43747,9567,55579,32894,40015,12667,46887,7193,46333,53447"
263157,263157,"43747,9567,55579,32894,40015,12667,46887,7193,46333,53447"
265621,265621,"43747,9567,55579,32894,40015,12667,46887,7193,46333,53447"
265797,265797,"43747,9567,55579,32894,40015,12667,46887,7193,46333,53447"
265948,265948,"43747,9567,55579,32894,40015,12667,46887,7193,46333,53447"
266772,266772,"43747,9567,55579,32894,40015,12667,46887,7193,46333,53447"
266781,266781,"43747,9567,55579,32894,40015,12667,46887,7193,46333,53447"
267245,267245,"43747,9567,55579,32894,40015,12667,46887,7193,46333,53447"
267355,267355,"43747,9567,55579,32894,40015,12667,46887,7193,46333,53447"
267363,267363,"43747,9567,55579,32894,40015,12667,46887,7193,46333,53447"
267517,267517,"43747,9567,55579,32894,40015,12667,46887,7193,46333,53447"
268334,268334,"43747,9567,42304,55579,32894,40015,12667,46887,7193,46333"
268407,268407,"43747,9567,55579,32894,40015,12667,46887,7193,46333,53447"
268500,268500,"43747,9567,55579,32894,40015,12667,46887,7193,46333,53447"
268839,268839,"43747,9567,55579,32894,40015,12667,46887,7193,46333,53447"
269034,269034,"43747,9567,55579,32894,40015,12667,46887,7193,46333,53447"
271578,271578,"43747,9567,55579,32894,40015,12667,46887,7193,46333,53447"
271757,271757,"43747,9567,55579,32894,40015,12667,46887,7193,46333,53447"
272173,272173,"12667,43747,9567,55579,32894,40015,46887,7193,46333,53447"
272198,272198,"43747,9567,55579,32894,40015,12667,46887,7193,46333,53447"
272678,272678,"43747,9567,55579,32894,40015,12667,46887,7193,46333,53447"
272900,272900,"43747,9567,55579,32894,40015,12667,46887,7193,46333,53447"
273464,273464,"43747,9567,55579,32894,40015,12667,46887,7193,46333,53447"
274387,274387,"43747,9567,55579,32894,40015,12667,46887,7193,46333,53447"
274681,274681,"43747,9567,55579,32894,40015,12667,46887,7193,46333,53447"
274787,274787,"43747,9567,55579,32894,40015,12667,46887,7193,46333,53447"
275440,275440,"43747,9567,32894,40015,12667,46887,7193,46333,53447,54794"
275807,275807,"43747,9567,55579,32894,40015,12667,46887,7193,46333,53447"
276067,276067,"43747,9567,55579,32894,40015,12667,46887,7193,46333,53447"
276454,276454,"43747,9567,55579,32894,40015,12667,46887,7193,46333,53447"
276754,276754,"43747,9567,55579,32894,40015,12667,46887,53447,7193,46333"
277105,277105,"43747,9567,55579,32894,40015,12667,46887,7193,46333,53447"
277404,277404,"43747,9567,55579,32894,40015,12667,46887,7193,46333,53447"
277435,277435,"43747,9567,55579,32894,40015,12667,46887,7193,46333,53447"
277583,277583,"43747,9567,55579,32894,40015,12667,46887,7193,46333,53447"
277756,277756,"43747,9567,55579,32894,40015,12667,46887,7193,46333,53447"
277943,277943,"43747,9567,55579,32894,40015,12667,46887,7193,46333,53447"
278150,278150,"34751,27782,55579,32894,40015,12667,46887,7193,46333,53447"
278359,278359,"43747,9567,55579,32894,40015,12667,46887,7193,46333,53447"
278586,278586,"43747,9567,55579,32894,40015,12667,46887,7193,32577,46333"
279235,279235,"43747,9567,55579,32894,40015,12667,46887,7193,46333,53447"
279512,279512,"43747,9567,55579,32894,40015,12667,46887,7193,46333,53447"
279614,279614,"43747,9567,55579,40015,12667,54794,46887,7193,46333,53447"
279777,279777,"43747,9567,55579,32894,40015,12667,46887,7193,50888,46333"
279901,279901,"43747,9567,55579,32894,40015,12667,46887,7193,46333,53447"
280250,280250,"43747,9567,55579,32894,40015,12667,46887,7193,46333,53447"
280338,280338,"43747,9567,55579,32894,40015,12667,46887,7193,46333,53447"
281507,281507,"40015,43747,9567,55579,32894,12667,46887,7193,46333,53447"
281843,281843,"43747,9567,55579,32894,40015,12667,46887,7193,46333,53447"
282002,282002,"43747,9567,55579,32894,40015,12667,46887,7193,46333,53447"
282166,282166,"43747,9567,55579,32894,40015,12667,46887,7193,46333,53447"
284189,284189,"43747,9567,55579,32894,40015,12667,46887,7193,46333,53447"
285510,285510,"43747,9567,55579,32894,40015,12667,46887,7193,46333,53447"
285875,285875,"43747,9567,55579,32894,40015,12667,46887,7193,46333,53447"
285934,285934,"43747,9567,55579,32894,40015,12667,46887,7193,46333,53447"
286491,286491,"43747,9567,55579,32894,40015,12667,46887,7193,46333,53447"
286856,286856,"43747,9567,55579,32894,40015,12667,46887,7193,46333,53447"
286962,286962,"43747,9567,55579,32894,40015,12667,46887,7193,46333,53447"
287100,287100,"43747,9567,55579,32894,40015,12667,46887,7193,46333,53447"
287513,287513,"43747,9567,55579,32894,40015,12667,46887,7193,46333,53447"
287536,287536,"40015,43747,9567,55579,32894,12667,46887,7193,46333,53447"
288059,288059,"43747,9567,55579,32894,40015,12667,46887,7193,46333,53447"
288495,288495,"43747,9567,55579,32894,40015,12667,46887,7193,46333,53447"
288583,288583,"43747,9567,55579,32894,40015,12667,46887,7193,46333,53447"
288765,288765,"43747,9567,55579,32894,40015,12667,46887,7193,46333,53447"
288809,288809,"43747,9567,55579,32894,40015,12667,46887,7193,46333,53447"
288956,288956,"43747,9567,55579,32894,40015,12667,46887,7193,46333,53447"
290428,290428,"43747,9567,55579,32894,40015,12667,46887,7193,13943,46333"
291023,291023,"43747,9567,55579,32894,40015,12667,46887,7193,46333,53447"
291872,291872,"43747,9567,55579,32894,40015,12667,46887,7193,46333,53447"
292364,292364,"43747,9567,55579,32894,40015,12667,46887,7193,46333,53447"
292387,292387,"43747,9567,55579,32894,40015,12667,46887,7193,46333,53447"
292456,292456,"43747,9567,55579,32894,40015,12667,46887,7193,46333,53447"
292531,292531,"43747,9567,55579,32894,40015,12667,46887,7193,46333,53447"
292892,292892,"43747,9567,55579,32894,40015,12667,46887,7193,46333,53447"
293001,293001,"43747,9567,55579,32894,40015,12667,46887,7193,46333,53447"
293603,293603,"43747,9567,55579,32894,40015,12667,46887,7193,46333,53447"
293844,293844,"43747,9567,55579,32894,40015,12667,46887,7193,46333,53447"
294133,294133,"43747,9567,55579,32894,40015,12667,46887,7193,46333,53447"
294429,294429,"43747,9567,55579,32894,40015,12667,46887,7193,46333,53447"
294450,294450,"43747,9567,55579,32894,40015,12667,46887,7193,46333,53447"
294601,294601,"43747,9567,55579,32894,40015,12667,46887,7193,46333,53447"
294766,294766,"43747,9567,55579,32894,40015,12667,46887,7193,46333,53447"
295074,295074,"43747,9567,55579,32894,40015,12667,46887,7193,46333,53447"
295274,295274,"43747,9567,55579,32894,40015,12667,46887,7193,46333,53447"
297085,297085,"43747,9567,55579,32894,40015,12667,46887,7193,46333,53447"
297200,297200,"43747,9567,55579,32894,40015,12667,46887,7193,46333,53447"
297844,297844,"43747,9567,55579,32894,40015,12667,46887,7193,46333,53447"
299012,299012,"43747,9567,55579,32894,40015,12667,46887,7193,46333,53447"
299074,299074,"55579,40015,43747,9567,32894,12667,46887,7193,46333,53447"
299249,299249,"43747,9567,55579,32894,40015,12667,46887,7193,35167,46333"
299294,299294,"43747,9567,55579,32894,40015,12667,46887,7193,46333,53447"
299476,299476,"43747,9567,55579,32894,40015,12667,46887,7193,46333,53447"
299739,299739,"43747,9567,55579,32894,40015,12667,46887,7193,46333,53447"
300269,300269,"43747,9567,55579,32894,40015,12667,46887,7193,46333,53447"
300617,300617,"43747,9567,55579,32894,40015,12667,46887,7193,46333,53447"
302027,302027,"55435,43747,55579,32894,40015,12667,46887,7193,46333,53447"
302734,302734,"43747,9567,55579,32894,40015,12667,46887,7193,46333,53447"
302749,302749,"43747,9567,55579,32894,40015,12667,46887,7193,46333,53447"
302827,302827,"43747,9567,55579,32894,40015,12667,46887,7193,46333,53447"
302869,302869,"43747,9567,55579,32894,40015,12667,46887,7193,46333,53447"
303624,303624,"9567,55579,32894,40015,55435,12667,46887,7193,46333,53447"
304249,304249,"43747,9567,55579,32894,40015,12667,46887,7193,46333,53447"
304344,304344,"43747,9567,55579,32894,40015,12667,46887,7193,46333,53447"
304566,304566,"43747,9567,55579,32894,40015,12667,46887,7193,46333,53447"
305234,305234,"43747,9567,55579,32894,40015,12667,46887,7193,46333,53447"
305740,305740,"43747,9567,55579,32894,40015,12667,46887,7193,46333,53447"
306146,306146,"43747,9567,55579,32894,40015,12667,46887,7193,46333,53447"
306308,306308,"55579,43747,9567,32894,40015,12667,46887,7193,46333,53447"
306692,306692,"43747,9567,55579,32894,40015,12667,46887,7193,46333,53447"
306989,306989,"43747,9567,55579,32894,40015,12667,46887,7193,46333,53447"
307108,307108,"43747,9567,55579,32894,40015,12667,46887,7193,46333,53447"
307495,307495,"43747,9567,55579,32894,40015,12667,46887,7193,46333,53447"
307637,307637,"43747,9567,55579,32894,40015,12667,46887,7193,46333,53447"
307669,307669,"43747,9567,55579,32894,40015,12667,46887,7193,46333,53447"
308254,308254,"43747,9567,55579,32894,40015,12667,46887,7193,39563,46333"
308551,308551,"43747,9567,55579,32894,40015,12667,46887,7193,46333,53447"
308805,308805,"55579,43747,9567,32894,40015,12667,46887,7193,46333,53447"
309506,309506,"43747,9567,55579,32894,40015,12667,46887,7193,46333,53447"
309594,309594,"43747,9567,55579,32894,40015,12667,46887,7193,46333,53447"
309777,309777,"43747,9567,55579,32894,40015,12667,46887,35167,7193,46333"
310087,310087,"43747,9567,55579,32894,40015,12667,46887,7193,46333,53447"
310171,310171,"43747,9567,55579,32894,40015,12667,46887,7193,46333,53447"
310215,310215,"43747,9567,55579,32894,40015,12667,46887,7193,46333,53447"
310217,310217,"7193,43747,9567,55579,32894,40015,12667,46887,46333,53447"
310925,310925,"43747,9567,55579,32894,40015,12667,46887,7193,46333,53447"
311752,311752,"43747,9567,55579,32894,40015,12667,46887,7193,50888,54794"
312232,312232,"43747,9567,55579,32894,40015,12667,46887,7193,46333,53447"
312362,312362,"43747,9567,55579,32894,12667,46887,54794,7193,46333,53447"
312363,312363,"43747,9567,55579,32894,40015,12667,46887,7193,46333,53447"
312438,312438,"43747,9567,55579,32894,40015,12667,46887,7193,46333,53447"
312583,312583,"43747,9567,55579,32894,40015,12667,46887,7193,46333,53447"
312698,312698,"43747,9567,55579,32894,40015,12667,46887,7193,46333,53447"
313486,313486,"43747,9567,55579,32894,40015,12667,46887,7193,46333,53447"
314436,314436,"43747,9567,55579,32894,40015,12667,46887,7193,46333,53447"
314808,314808,"43747,9567,55579,32894,40015,12667,46887,7193,46333,53447"
314950,314950,"43747,9567,55579,32894,40015,12667,46887,7193,46333,53447"
315077,315077,"43747,9567,55579,32894,40015,12667,46887,7193,46333,53447"
315663,315663,"43747,9567,55579,32894,40015,12667,46887,7193,54794,46333"
316797,316797,"43747,9567,55579,32894,40015,12667,46887,7193,46333,53447"
317430,317430,"43747,9567,55579,32894,40015,12667,46887,7193,46333,53447"
318059,318059,"43747,9567,55579,32894,40015,12667,46887,7193,46333,53447"
318394,318394,"43747,9567,55579,32894,40015,12667,46887,7193,46333,53447"
319548,319548,"43747,9567,55579,32894,40015,12667,46887,7193,32577,46333"
319942,319942,"43747,9567,55579,32894,40015,12667,46887,7193,46333,53447"
320068,320068,"43747,9567,55579,32894,40015,12667,46887,7193,46333,53447"
320221,320221,"43747,9567,55579,32894,40015,12667,46887,7193,46333,53447"
320630,320630,"43747,9567,55579,32894,40015,12667,46887,7193,46333,53447"
320846,320846,"43747,9567,55579,32894,40015,12667,46887,7193,46333,53447"
320984,320984,"43747,9567,55579,32894,40015,12667,46887,7193,46333,53447"
321080,321080,"43747,9567,55579,32894,40015,12667,46887,7193,33777,46333"
321310,321310,"43747,9567,55579,32894,40015,12667,46887,7193,46333,53447"
321542,321542,"43747,9567,55579,32894,40015,12667,46887,7193,46333,53447"
321936,321936,"43747,9567,55579,32894,40015,12667,46887,7193,46333,53447"
321980,321980,"43747,9567,55579,32894,40015,12667,46887,7193,46333,53447"
322774,322774,"43747,9567,55579,32894,40015,12667,46887,7193,46333,53447"
323056,323056,"43747,9567,55579,32894,40015,12667,46887,7193,46333,53447"
323427,323427,"43747,9567,55579,32894,12667,46887,54794,7193,46333,53447"
323497,323497,"7193,43747,9567,55579,32894,40015,12667,46887,46333,53447"
